{
  "nrc_lexicon": {
    "in_domain": {
      "accuracy": 0.3836601307189543,
      "macro_f1": 0.23591306521745656,
      "report": "              precision    recall  f1-score   support\n\n       anger       0.22      0.29      0.25       520\n     disgust       0.07      0.18      0.10        76\n        fear       0.05      0.21      0.08        77\n         joy       0.63      0.38      0.47      1603\n     sadness       0.20      0.14      0.17       259\n    surprise       0.26      0.06      0.09       449\n     neutral       0.42      0.57      0.49      1606\n\n    accuracy                           0.38      4590\n   macro avg       0.26      0.26      0.24      4590\nweighted avg       0.43      0.38      0.38      4590\n",
      "confusion_matrix": [
        [
          151,
          40,
          34,
          53,
          21,
          11,
          210
        ],
        [
          26,
          14,
          13,
          6,
          6,
          0,
          11
        ],
        [
          25,
          2,
          16,
          5,
          7,
          1,
          21
        ],
        [
          150,
          23,
          89,
          602,
          48,
          34,
          657
        ],
        [
          43,
          27,
          19,
          41,
          37,
          3,
          89
        ],
        [
          55,
          13,
          35,
          55,
          10,
          25,
          256
        ],
        [
          226,
          75,
          109,
          198,
          58,
          24,
          916
        ]
      ],
      "labels": [
        "anger",
        "disgust",
        "fear",
        "joy",
        "sadness",
        "surprise",
        "neutral"
      ],
      "out_of_label_space_rate": 0.0
    },
    "cross_dataset": {
      "accuracy": 0.3259083439839328,
      "macro_f1": 0.3082886070444244,
      "report": "              precision    recall  f1-score   support\n\n       anger       0.24      0.55      0.34      1096\n     disgust       0.48      0.13      0.20      1096\n        fear       0.45      0.30      0.36      1095\n         joy       0.38      0.49      0.43      1094\n     sadness       0.32      0.16      0.22      1096\n\n    accuracy                           0.33      5477\n   macro avg       0.38      0.33      0.31      5477\nweighted avg       0.38      0.33      0.31      5477\n",
      "confusion_matrix": [
        [
          608,
          51,
          82,
          256,
          99
        ],
        [
          545,
          140,
          105,
          227,
          79
        ],
        [
          437,
          39,
          324,
          125,
          170
        ],
        [
          409,
          34,
          84,
          533,
          34
        ],
        [
          505,
          28,
          118,
          265,
          180
        ]
      ],
      "labels": [
        "anger",
        "disgust",
        "fear",
        "joy",
        "sadness"
      ],
      "out_of_label_space_rate": 0.0
    }
  },
  "tfidf_logreg": {
    "in_domain": {
      "accuracy": 0.5226579520697168,
      "macro_f1": 0.40574831904224073,
      "report": "              precision    recall  f1-score   support\n\n       anger       0.32      0.35      0.34       520\n     disgust       0.39      0.25      0.30        76\n        fear       0.33      0.16      0.21        77\n         joy       0.71      0.63      0.67      1603\n     sadness       0.39      0.41      0.40       259\n    surprise       0.30      0.49      0.37       449\n     neutral       0.56      0.53      0.54      1606\n\n    accuracy                           0.52      4590\n   macro avg       0.43      0.40      0.41      4590\nweighted avg       0.54      0.52      0.53      4590\n",
      "confusion_matrix": [
        [
          184,
          5,
          2,
          64,
          23,
          90,
          152
        ],
        [
          17,
          19,
          4,
          12,
          3,
          6,
          15
        ],
        [
          8,
          1,
          12,
          15,
          10,
          9,
          22
        ],
        [
          92,
          6,
          3,
          1008,
          42,
          127,
          325
        ],
        [
          28,
          0,
          1,
          39,
          107,
          25,
          59
        ],
        [
          43,
          5,
          6,
          47,
          23,
          218,
          107
        ],
        [
          199,
          13,
          8,
          226,
          66,
          243,
          851
        ]
      ],
      "labels": [
        "anger",
        "disgust",
        "fear",
        "joy",
        "sadness",
        "surprise",
        "neutral"
      ],
      "out_of_label_space_rate": 0.0
    },
    "cross_dataset": {
      "accuracy": 0.16578418842431988,
      "macro_f1": 0.2146296112671438,
      "report": "              precision    recall  f1-score   support\n\n       anger       0.32      0.11      0.16      1096\n     disgust       0.59      0.01      0.02      1096\n        fear       0.61      0.12      0.21      1095\n         joy       0.45      0.30      0.36      1094\n     sadness       0.37      0.29      0.32      1096\n\n   micro avg       0.42      0.17      0.24      5477\n   macro avg       0.47      0.17      0.21      5477\nweighted avg       0.47      0.17      0.21      5477\n",
      "confusion_matrix": [
        [
          118,
          5,
          23,
          99,
          170
        ],
        [
          96,
          13,
          21,
          91,
          120
        ],
        [
          54,
          0,
          135,
          71,
          146
        ],
        [
          41,
          1,
          23,
          325,
          106
        ],
        [
          58,
          3,
          19,
          130,
          317
        ]
      ],
      "labels": [
        "anger",
        "disgust",
        "fear",
        "joy",
        "sadness"
      ],
      "out_of_label_space_rate": 0.6010589738908162
    }
  },
  "tfidf_logreg_5class": {
    "cross_dataset": {
      "accuracy": 0.3111192258535695,
      "macro_f1": 0.2585421718836958,
      "report": "              precision    recall  f1-score   support\n\n       anger       0.31      0.27      0.29      1096\n     disgust       0.49      0.02      0.04      1096\n        fear       0.65      0.12      0.21      1095\n         joy       0.29      0.74      0.42      1094\n     sadness       0.30      0.40      0.34      1096\n\n    accuracy                           0.31      5477\n   macro avg       0.41      0.31      0.26      5477\nweighted avg       0.41      0.31      0.26      5477\n",
      "confusion_matrix": [
        [
          299,
          7,
          19,
          475,
          296
        ],
        [
          260,
          21,
          25,
          547,
          243
        ],
        [
          163,
          3,
          135,
          471,
          323
        ],
        [
          100,
          7,
          11,
          813,
          163
        ],
        [
          145,
          5,
          19,
          491,
          436
        ]
      ],
      "labels": [
        "anger",
        "disgust",
        "fear",
        "joy",
        "sadness"
      ],
      "out_of_label_space_rate": 0.0
    },
    "note": "trained only on the 5 ISEAR-shared classes; not evaluated in-domain since GoEmotions test includes surprise/neutral which this variant can never predict"
  },
  "transformer": {
    "skipped_reason": "Could not load pretrained model 'distilbert-base-uncased'. This usually means there is no internet access to the Hugging Face Hub from this machine. Run this experiment with --use_transformer on a machine with normal internet access."
  },
  "llm_fewshot": {
    "in_domain": {
      "accuracy": 0.4673311184939092,