{
  "n_vignettes": 75,
  "conditions": [
    "oracle",
    "end_to_end"
  ],
  "levels": [
    "generic",
    "emotion_only",
    "need_only"
  ],
  "mode": "template",
  "oracle": {
    "n": 75,
    "mean_similarity": {
      "generic": 0.022888682691156192,
      "emotion_only": 0.0267431587265474,
      "need_only": 0.054055303162312274
    },
    "staircase_comparisons": {
      "generic_vs_emotion_only": {
        "paired_ttest_p": 0.26862592747667097,
        "wilcoxon_p": 0.07564582174342196,
        "mean_diff": 0.00385447603539121
      },
      "emotion_only_vs_need_only": {
        "paired_ttest_p": 9.55426273088319e-06,
        "wilcoxon_p": 5.405358820799184e-06,
        "mean_diff": 0.027312144435764872
      }
    }
  },
  "end_to_end": {
    "n": 75,
    "mean_similarity": {
      "generic": 0.022888682691156192,
      "emotion_only": 0.03133570066070235,
      "need_only": 0.04912644052128321
    },
    "staircase_comparisons": {
      "generic_vs_emotion_only": {
        "paired_ttest_p": 0.013453216694947498,
        "wilcoxon_p": 0.004984093000376275,
        "mean_diff": 0.008447017969546156
      },
      "emotion_only_vs_need_only": {
        "paired_ttest_p": 0.005196713246540637,
        "wilcoxon_p": 0.0019273067760745993,
        "mean_diff": 0.017790739860580863
      }
    }
  }
}