{
  "n_vignettes": 75,
  "conditions": [
    "oracle"
  ],
  "levels": [
    "generic",
    "emotion_only",
    "need_only"
  ],
  "mode": "template",
  "oracle": {
    "n": 75,
    "mean_similarity": {
      "generic": 0.023020258744695828,
      "emotion_only": 0.02689584447416013,
      "need_only": 0.057458601657764084
    },
    "staircase_comparisons": {
      "generic_vs_emotion_only": {
        "paired_ttest_p": 0.27012996209185114,
        "wilcoxon_p": 0.08965519841728703,
        "mean_diff": 0.0038755857294643023
      },
      "emotion_only_vs_need_only": {
        "paired_ttest_p": 3.872596766810593e-07,
        "wilcoxon_p": 1.9888249470073106e-06,
        "mean_diff": 0.030562757183603954
      }
    }
  }
}