{
  "n": 75,
  "mode": "template",
  "mean_sim_generic": 0.023020258744695828,
  "mean_sim_personalized": 0.055374767791390035,
  "paired_ttest": {
    "t": 8.727953275733029,
    "p": 5.433590061425915e-13
  },
  "wilcoxon": {
    "stat": 329.0,
    "p": 3.6841232904016676e-07
  }
}