{
  "n": 40,
  "mode": "template",
  "mean_sim_generic": 0.023244394735384054,
  "mean_sim_personalized": 0.05678882373066019,
  "paired_ttest": {
    "t": 6.811241394528257,
    "p": 3.8960546282332474e-08
  },
  "wilcoxon": {
    "stat": 81.0,
    "p": 0.00011073072561497875
  }
}